id,text,language,sentiment,topic
1,The new state policy helped farmers significantly.,en,Positive,Politics
2,सरकार की योजना समझने में मुश्किल है।,hi,Negative,Politics
3,கிரிக்கெட் போட்டி மிகவும் சுவாரஸ்யமாக இருந்தது!,ta,Positive,Sports
4,"The movie release was average, nothing special.",en,Neutral,Entertainment
5,వ్యాపార వృద్ధి గణనీయంగా తగ్గింది.,te,Negative,Business
6,Tech expo impressed the local startups.,en,Positive,Technology
7,कबड्डी मैच ठीक-ठाक रहा।,hi,Neutral,Sports
8,ಬೆಂಗಳೂರು ಮಳೆಯಿಂದ ಸಂಚಾರ ಸಮಸ್ಯೆಗಳು.,kn,Negative,Politics
9,Great performance by the regional film industry this year.,en,Positive,Entertainment
10,नया स्मार्टफोन ठीक है पर महंगा है।,hi,Neutral,Technology
